erp_id,province_code,lat,long,sales
4,QC,45.537593,-73.597075,0.089068703
19,QC,45.488636,-73.568175,0.074907199
22,QC,48.3878711,-68.4706861,0.611644047
24,QC,46.7956598,-71.3561663,-0.778826599
37,QC,45.5103107,-73.570841,0.586588388
47,QC,45.7556329,-73.4468086,0.334738698
54,QC,46.835607,-71.2186399,-3.877404457
65,QC,45.473949,-73.603989,-0.742647358
69,QC,45.5182154,-73.5781092,-3.181758322
73,QC,46.8914877,-71.2141851,-0.062047611
75,QC,45.5144682,-73.5569909,0.124456818
76,QC,45.5336184,-73.5959721,-0.706773354
96,QC,46.8679355,-71.1801463,-2.076836479
108,QC,45.5355302,-73.5821607,-0.324044529
109,QC,45.4650792,-73.6259151,0.372979276
112,QC,48.2419444,-79.0310436,0.703887221
124,QC,45.5188044,-73.5560497,-0.338966845
129,QC,45.5129793,-73.6306253,0.448436482
130,QC,45.5486995,-73.5741421,-0.103210311
135,QC,45.500265,-73.5748868,0.072579257
4125,QC,45.4998571,-73.5743404,1.323749081
150,QC,45.510319,-73.5750033,-0.494263664
5020,QC,45.510319,-73.5750033,0.924216104
155,QC,45.4014722,-71.9542829,1.365273372
157,QC,48.4730971,-68.5080816,0.061374818
159,QC,45.4598867,-73.6245821,-3.084698557
184,QC,45.5212833,-73.5946095,0.065976257
190,QC,45.4779637,-73.5610195,-0.697222594
193,QC,46.5543345,-72.7383561,0.884402485
194,QC,46.8349264,-71.23993,0.605669899
196,QC,45.5755873,-73.6471295,-0.360367499
211,QC,45.461001,-73.5924047,0.847759191
220,QC,45.5760842,-73.6555867,3.788434478
236,QC,45.5363773,-73.5801377,-0.54737649
241,QC,45.5220951,-73.4662871,0.772566717
243,QC,46.7865302,-71.2471732,0.901344469
244,QC,45.4860706,-73.4649375,-4.541263507
248,QC,45.5243434,-73.6005277,-0.053191792
3095,QC,45.5255925,-73.6035845,1.502790848
250,QC,45.4814067,-73.6313923,0.325029585
252,QC,45.5050263,-73.5710036,-5.340210992
2936,QC,45.505055,-73.5713924,-0.646501607
253,QC,45.5426053,-73.5878873,0.712245462
266,QC,45.544699,-73.5882083,0.977835855
275,QC,45.4924311,-73.6327222,0.243729838
288,QC,45.4828119,-73.579699,-4.460253087
3066,QC,45.4828196,-73.5796493,1.384293745
291,QC,45.5198475,-73.505356,6.620007532
293,QC,46.6134523,-72.6936862,-0.844733928
297,QC,45.555593,-73.667276,0.307231933
299,QC,45.5312819,-73.5809405,-0.395483367
308,QC,45.7466418,-73.4630257,0.684391893
313,QC,48.2431951,-79.0406838,0.25226355
319,QC,45.5303682,-73.6085368,0.188399445
320,QC,45.5181859,-73.5065236,-0.001354169
332,QC,46.6039185,-72.7088415,-0.244777627
335,QC,45.4771829,-73.5873754,-0.804617262
341,QC,45.5438335,-73.577163,1.308822168
355,QC,45.4917662,-73.4197238,-0.719538525
358,QC,46.8392771,-71.239331,-0.560393038
359,QC,45.4827055,-73.57857,0.065084693
366,QC,45.4635801,-73.5831545,0.872714181
375,QC,46.5696182,-72.7634128,0.02556451
387,QC,46.8047293,-71.2439177,0.853019802
389,QC,46.8544127,-71.2765315,-0.049223065
397,QC,45.4800939,-73.5588124,-0.062017212
406,QC,45.4814162,-73.5641863,-0.373635435
428,QC,45.4971712,-73.4105832,0.251874337
436,QC,48.430718,-68.5839784,-0.778814889
447,QC,45.5128081,-73.4772373,-0.324176519
450,QC,45.453583,-73.6372269,1.844268797
451,QC,45.5408907,-73.5880042,2.519292537
466,QC,45.4893259,-73.4915722,0.281812859
468,QC,46.8199384,-71.2574357,-0.337509549
473,QC,45.4894817,-73.5721152,-0.436322521
475,QC,45.5381124,-73.6058333,-0.272170473
492,QC,45.5198556,-73.5628875,-1.018990594
501,QC,45.5406272,-73.6535734,-1.6912525
504,QC,45.500983,-73.567613,-1.05268369
4984,QC,45.5004679,-73.5675448,-1.183990258
509,QC,45.5166438,-73.5664966,-0.788190795
5277,QC,45.5166229,-73.5662941,-0.510399141
511,QC,46.8136071,-71.2262251,-0.535597402
521,QC,45.76434,-73.4760087,0.260828891
533,QC,46.5199391,-72.7447355,-1.367214678
534,QC,46.7885793,-71.2708805,-2.15362726
547,QC,46.8052664,-71.2213246,0.227679219
552,QC,46.7757675,-71.3110456,-0.171761756
558,QC,46.8208359,-71.2682532,-0.204541067
563,QC,46.8555075,-71.2792974,-1.54237682
579,QC,46.8028996,-71.2242526,1.170546103
581,QC,45.5239867,-73.594378,0.013789252
588,QC,45.5375357,-73.6780625,-0.379537406
592,QC,46.7710103,-71.3198289,-0.923844394
5365,QC,46.7710729,-71.3195043,-1.330856719
598,QC,45.5301861,-73.5819472,-0.219673578
602,QC,46.6072798,-72.7037228,-0.50322834
605,QC,45.5214552,-73.5048386,2.254013598
606,QC,45.5228806,-73.4863985,-0.58488769
618,QC,45.515708,-73.5559744,-0.493368425
622,QC,45.5288212,-73.587656,0.045717556
624,QC,45.5341978,-73.6094541,1.349115549
628,QC,45.5218577,-73.5818224,2.566863718
643,QC,45.5302597,-73.5669386,-1.263392755
658,QC,45.510577,-73.5519675,0.081426185
665,QC,45.7693036,-73.4461179,0.976557351
670,QC,46.8965297,-71.2072578,-0.096835713
674,QC,45.4733304,-73.5883987,-0.177123251
675,QC,45.5468442,-73.642592,-0.634468288
680,QC,45.5100597,-73.6126121,2.436092507
684,QC,46.8368679,-71.23657,-0.717810135
687,QC,45.514549,-73.572264,-2.413730027
692,QC,46.8325222,-71.2418861,-0.039054054
701,QC,46.8011869,-71.2260403,2.131060716
705,QC,45.5356678,-73.698998,1.464406479
718,QC,45.5133912,-73.4810832,0.622085716
720,QC,45.5358413,-73.5943268,-0.107028811
721,QC,45.4952842,-73.640073,0.770599945
729,QC,46.5633344,-72.7384109,-0.127067462
731,QC,46.8045252,-71.242154,0.03810363
738,QC,46.811432,-71.2396021,-0.955127404
741,QC,46.8372428,-71.2550438,-1.647618177
742,QC,46.8909411,-71.1892533,0.798410408
751,QC,45.500174,-73.5578058,2.80106609
774,QC,45.5480259,-73.5851377,0.171056143
776,QC,45.5218159,-73.5850035,-0.229891601
779,QC,46.8089956,-71.2260486,2.345483426
791,QC,45.4911565,-73.4784689,0.749367577
792,QC,45.5011748,-73.5798516,0.549153671
803,QC,45.5181027,-73.6199188,1.438421086
818,QC,45.4866269,-73.6346119,-0.433477774
5452,QC,45.4866269,-73.6346119,1.443446229
824,QC,45.5446559,-73.6504808,1.50300828
830,QC,45.4672014,-73.6390809,-1.353194345
843,QC,45.5019822,-73.5664947,-2.73059771
851,QC,45.5005083,-73.5714549,0.604844732
855,QC,45.5116006,-73.5596293,-1.157255779
860,QC,45.5215451,-73.5749315,0.816601384
861,QC,45.5025371,-73.5607568,-1.163990514
862,QC,45.493519,-73.582151,0.734915136
869,QC,45.5259495,-73.522557,-0.350268521
885,QC,46.5718942,-72.7620632,3.076797145
888,QC,45.7526227,-73.4310287,0.297483348
891,QC,45.7191889,-73.4677769,1.579127195
903,QC,45.529302,-73.5463929,-1.379838734
911,QC,46.8446932,-71.366122,-0.49884036
930,QC,46.8570499,-71.4113318,0.298952429
935,QC,45.5001121,-73.5665224,0.295079941
958,QC,45.573932,-73.6490685,0.829884016
976,QC,45.5382582,-73.5569217,1.314449582
991,QC,45.5017252,-73.4165303,0.244965065
993,QC,45.5570268,-73.593746,-1.471057654
995,QC,46.8372401,-71.3560875,-0.145524205
5840,QC,46.8372401,-71.3560875,0.268388001
998,QC,48.4678931,-68.5126452,1.578118305
999,QC,46.5559232,-72.7521273,1.16729876
1005,QC,45.5110528,-73.566039,1.160873333
1006,QC,46.7685071,-71.2668179,-0.054458399
1013,QC,45.7704519,-73.4233872,0.653096168
1030,QC,45.494002,-73.5820276,5.073654074
6112,QC,45.4943351,-73.5812165,-0.454396414
1033,QC,45.5368631,-73.5631319,2.100832901
1040,QC,45.4749958,-73.585377,0.944806621
1045,QC,45.4563851,-73.595479,0.95909823
1052,QC,45.5269531,-73.5585829,4.67914269
1056,QC,45.5301932,-73.5773074,4.703779182
1057,QC,45.5638672,-73.5734675,1.148019629
1069,QC,45.4707735,-73.6158029,0.176699148
1071,QC,45.5583407,-73.6368367,2.586546407
1092,QC,46.9175469,-71.202382,-1.333753511
1097,QC,45.5385162,-73.5060375,0.345327441
1101,QC,45.4545151,-73.6393327,-0.88605375
5217,QC,45.454472,-73.639542,0.945623326
1104,QC,45.5329753,-73.5846584,-2.920994658
1113,QC,45.537753,-73.553316,0.554734438
1120,QC,45.54966,-73.558365,-1.881030898
1121,QC,45.4949002,-73.5796571,-0.905942679
6692,QC,45.4949606,-73.5797907,1.344916678
1127,QC,45.5339451,-73.5960545,-1.221079209
1156,QC,45.5004298,-73.6317868,0.34691577
1164,QC,46.8396619,-71.2209063,-0.302786387
1169,QC,46.8392538,-71.2825827,-0.183729951
1176,QC,45.5190038,-73.5681311,-1.693863944
1193,QC,48.2477973,-79.0373917,0.31998275
1194,QC,46.9304822,-71.3152547,-0.053400598
1197,QC,45.4758005,-73.4297636,1.263824324
1201,QC,46.8163607,-71.2894152,-1.821423071
1203,QC,45.4932544,-73.6394618,1.074564894
1205,QC,45.500133,-73.5652994,-1.651831725
1209,QC,45.7443982,-73.4538049,-0.876851613
1218,QC,45.5191395,-73.5958717,-0.007461559
1226,QC,46.8257407,-71.2334467,-1.206622055
1230,QC,45.533899,-73.5508902,-2.165082755
5831,QC,45.533899,-73.5508902,-1.4595031
1239,QC,45.5248087,-73.4659162,-0.338886305
1246,QC,45.497349,-73.568896,0.286523508
1272,QC,45.49604,-73.57027,0.606754595
1284,QC,45.5161422,-73.5597293,1.274232084
3326,QC,45.5165703,-73.5591697,-0.459218852
1286,QC,46.8855013,-71.1998508,-0.587294866
1297,QC,46.8899602,-71.2175696,-0.375351905
1298,QC,45.4905307,-73.5860847,0.512819531
1302,QC,46.8135679,-71.20704,-0.268004237
1304,QC,46.8504854,-71.2133507,0.446094491
1310,QC,46.8136708,-71.237315,0.380186093
1312,QC,46.5569382,-72.7468576,0.212646271
1315,QC,46.8787741,-71.2836129,-0.233695042
2551,QC,46.8787741,-71.2836129,0.168731395
1321,QC,45.505953,-73.556097,0.519042037
4040,QC,45.5060225,-73.5559002,0.037804875
5684,QC,45.506171,-73.556449,0.461031947
1324,QC,45.462112,-73.631548,-0.317197215
1326,QC,45.4815938,-73.4530034,1.412038433
1331,QC,46.8828004,-71.2892159,1.228464843
1333,QC,45.4834469,-73.6295274,-0.010441491
1336,QC,45.4879623,-73.6395867,1.237605842
1342,QC,45.5078099,-73.5652013,-0.254927205
3763,QC,45.5078099,-73.5652013,-0.052511261
1345,QC,46.5197223,-72.7460205,1.01910459
1364,QC,45.4996169,-73.5723479,-1.755420583
1378,QC,46.8116371,-71.2935536,0.867119048
1381,QC,45.4766013,-73.6216702,0.08184383
1386,QC,45.5186729,-73.5779496,-0.589949044
5941,QC,45.518539,-73.578104,3.026028749
1390,QC,45.533414,-73.5525451,0.354357347
1391,QC,45.5561588,-73.5851218,-0.724533488
1396,QC,46.8633113,-71.3302766,-0.493475239
1401,QC,45.5360244,-73.5139573,0.069430531
1405,QC,45.4916113,-73.4581679,1.553979664
1408,QC,45.5441377,-73.5912709,-0.624138938
1411,QC,46.8090408,-71.2591043,0.019269829
1415,QC,45.5191993,-73.4877097,-0.37952357
1417,QC,45.4619149,-73.5974617,5.290502465
1467,QC,45.564945,-73.58282,0.294321044
1471,QC,46.8743947,-71.3305868,1.124051419
1474,QC,46.8642674,-71.1852277,0.040202099
1495,QC,48.233219,-78.992606,1.719265444
1497,QC,45.4915042,-73.5816539,-1.028624776
1509,QC,46.8914079,-71.1499358,1.393819452
1518,QC,45.4779216,-73.4757013,0.985844926
1519,QC,45.4935112,-73.6360684,0.636839717
1524,QC,45.4878175,-73.3993508,-1.315294481
1535,QC,45.462759,-73.424696,-0.236528778
1537,QC,45.5463486,-73.5793948,-0.590161582
1549,QC,46.826494,-71.2386097,0.739675108
1552,QC,45.561738,-73.580948,0.489038682
1553,QC,46.816255,-71.2519289,-0.709857635
1557,QC,45.5546445,-73.6534368,-0.712032257
1561,QC,45.5679359,-73.4509876,-0.21635308
5476,QC,45.5679026,-73.4510315,1.191877261
1564,QC,46.8029984,-71.2248597,0.554212172
1566,QC,45.5374158,-73.583371,-0.481191082
1571,QC,45.5586091,-73.6375514,-0.65210897
1574,QC,47.9127764,-79.2480642,-0.112062641
1577,QC,45.544746,-73.599578,1.472588123
1578,QC,45.4836895,-73.5743372,0.052480983
1596,QC,45.5270442,-73.7130206,-0.149227335
1598,QC,46.75267,-71.43041,1.452293087
1606,QC,46.8234838,-71.2266992,1.038707494
1608,QC,45.5350677,-73.60373,0.194281306
1630,QC,45.456151,-73.598789,3.273928785
1639,QC,45.5286103,-73.4891109,-0.024965153
1641,QC,45.4846111,-73.4406987,0.233780858
1644,QC,46.5562331,-72.7446933,-0.582257379
1657,QC,45.525432,-73.552484,-0.230518564
1660,QC,45.5278229,-73.5790809,1.026888967
1792,QC,45.5274405,-73.579291,-0.059426909
1662,QC,45.56668,-73.575664,-0.008399257
1667,QC,45.5133295,-73.4916039,-0.81777918
1672,QC,46.8313072,-71.2314313,-1.51462055
1679,QC,45.4996108,-73.5562644,1.015106194
6057,QC,45.4992821,-73.5552553,-1.020649463
1683,QC,45.4956881,-73.4676372,-0.666148183
1684,QC,45.5237369,-73.594857,3.248330497
1692,QC,45.5312557,-73.5654928,-2.608088389
1695,QC,45.466962,-73.61202,0.372522254
1708,QC,46.8233118,-71.2226811,-0.012309845
1715,QC,46.5588282,-72.7429133,0.564608601
1728,QC,45.5474246,-73.5590231,4.991545758
1735,QC,45.4877901,-73.4624333,-0.525152196
1740,QC,45.5177377,-73.5922518,0.297407205
1744,QC,45.5166709,-73.4481007,0.655221822
1746,QC,46.8128563,-71.2122832,0.966181159
1754,QC,45.5540257,-73.66917,0.783739992
1757,QC,45.470722,-73.5909049,3.713928915
1758,QC,45.476365,-73.565247,-0.256889563
1767,QC,45.5323983,-73.4844522,-1.777516039
2713,QC,45.5323983,-73.4844522,-0.52384641
1769,QC,45.483167,-73.580991,-0.591127449
1774,QC,45.55886,-73.6588939,0.39225123
1776,QC,45.5416727,-73.59824,-0.68843876
1778,QC,45.5425854,-73.6941273,-0.842072162
1781,QC,45.5066394,-73.4443063,-0.337252767
1793,QC,45.4641836,-73.6460511,0.457784369
1802,QC,45.5308487,-73.5767379,0.329160394
1805,QC,45.5283228,-73.5912281,-0.443950774
1818,QC,46.7404687,-71.4675253,0.991902357
3852,QC,46.7404687,-71.4675253,0.918642618
1823,QC,45.5298803,-73.5473797,1.607204986
1824,QC,45.5262667,-73.5810324,-2.909421021
1825,QC,45.449909,-73.601011,-0.511446359
1828,QC,45.7675603,-73.4445425,0.750207466
1829,QC,45.5668191,-73.6510092,-0.324394196
1831,QC,45.5149045,-73.5597685,-0.168190351
1835,QC,45.5294658,-73.5557197,-0.741629514
1836,QC,45.5203702,-73.5979238,0.31953911
1840,QC,46.8066835,-71.2459653,0.140269671
1848,QC,45.507572,-73.4962203,0.233213433
1852,QC,45.4514109,-73.5935062,0.401089875
1854,QC,46.8150396,-71.2207915,-1.421576145
1864,QC,45.5235286,-73.5951189,0.280962672
1865,QC,45.5684112,-73.5535136,1.237096149
1874,QC,46.8483894,-71.2347081,-1.110945813
1880,QC,48.441093,-68.53344,-0.062891326
1884,QC,45.5094278,-73.572676,0.223343327
1908,QC,45.5371366,-73.672741,1.689466751
1920,QC,45.5385795,-73.4798282,1.220115686
1922,QC,46.83771,-71.23089,-0.497039824
1923,QC,46.8481887,-71.2286708,0.573723861
1934,QC,45.4934271,-73.5829346,-1.493340996
1944,QC,45.495461,-73.61048,0.298596602
1953,QC,45.532497,-73.596521,-2.005709451
1969,QC,45.5238193,-73.5603887,0.208462037
1984,QC,45.5200007,-73.4601421,-0.984980741
1990,QC,46.8134,-71.2273699,-0.431315017
1992,QC,45.515709,-73.465352,1.64069061
2001,QC,48.2227308,-78.996684,0.489009303
2007,QC,45.4667531,-73.6442381,0.509317582
4585,QC,45.4665492,-73.6442402,-0.209356143
2010,QC,45.5224639,-73.5617125,1.025884772
2012,QC,45.562683,-73.572434,-0.470421539
2018,QC,45.5524354,-73.5566077,0.609765088
2025,QC,45.5103999,-73.5759925,1.503110128
2028,QC,46.7964857,-71.239764,0.383642823
2039,QC,45.5041009,-73.5710036,7.788058304
2047,QC,45.5258048,-73.7137765,-0.456133963
2049,QC,45.4782589,-73.5693497,-0.650116735
2050,QC,45.4780614,-73.6294296,-0.673587725
2052,QC,45.5008215,-73.4254221,1.594564127
2054,QC,45.5232782,-73.5545852,1.003544667
5441,QC,45.5232923,-73.5546004,1.942297306
2057,QC,45.5728253,-73.6499702,-0.333814835
2058,QC,46.8730025,-71.2527723,0.348737108
2081,QC,46.8285849,-71.228911,1.563425496
2089,QC,45.5365345,-73.6786555,0.630378049
2109,QC,45.519031,-73.5601848,0.991768288
2113,QC,45.5453854,-73.6040377,1.563360889
2121,QC,48.2271305,-78.3819344,-0.330609076
2129,QC,45.536,-73.5515999,0.887222866
2131,QC,48.2401643,-79.0255165,0.109706885
2133,QC,45.5351599,-73.5776206,-0.707621161
2136,QC,45.45529,-73.6409637,1.172905421
2142,QC,45.7208399,-73.4795498,-0.432369377
2154,QC,45.4922226,-73.5831156,0.337468061
2155,QC,45.5357275,-73.5586889,-2.726684057
2159,QC,45.5195887,-73.4918641,-1.790007792
2166,QC,46.8217471,-71.2499304,0.199523281
5281,QC,46.8217471,-71.2499304,1.384457988
2170,QC,45.530137,-73.608739,0.570832214
2171,QC,45.4797987,-73.5562755,0.698992188
2175,QC,46.804566,-71.312725,1.611981423
2177,QC,46.8520285,-71.2102162,-0.335854525
2234,QC,45.509184,-73.5616546,-1.128712222
2240,QC,45.5054611,-73.5593637,-0.236556569
2248,QC,45.4779594,-73.5681434,0.167005045
2261,QC,45.5384088,-73.5778227,0.204586475
2266,QC,45.533324,-73.557264,0.525663462
2273,QC,46.8121555,-71.3101845,-0.417024842
2288,QC,45.4605622,-73.6354679,0.180825195
2294,QC,45.5707321,-73.5728803,0.228140659
2295,QC,48.4426853,-68.5222787,-0.08112775
2302,QC,45.5675578,-73.653117,0.430618571
2310,QC,45.5476564,-73.5749733,-0.925900136
2312,QC,45.5351218,-73.4782079,0.044096884
2314,QC,45.5256849,-73.5979288,-1.163247253
2332,QC,45.5439579,-73.6678245,-0.936648491
2334,QC,45.488805,-73.5859921,-0.294866947
2549,QC,45.4895797,-73.5854084,0.822405809
6368,QC,45.48937,-73.58587,0.392442511
2339,QC,45.5126188,-73.5056314,0.649483556
2343,QC,46.8135022,-71.2118484,1.929200239
2344,QC,45.5474244,-73.6657195,2.324595491
2346,QC,46.5252284,-72.7538881,-0.714177642
2349,QC,45.7322565,-73.454829,1.236867244
2351,QC,45.5061379,-73.5720164,-0.541677033
2353,QC,45.5726097,-73.5707853,-1.542601507
2360,QC,45.4980478,-73.5659651,1.051938261
5222,QC,45.4981757,-73.5663859,-0.026423049
2366,QC,46.8624734,-71.3295477,-0.738315217
2373,QC,45.5349588,-73.4875891,-0.850262696
2374,QC,45.5212682,-73.5971042,-0.395829055
2375,QC,45.5140669,-73.5762569,-0.494158863
2387,QC,46.843703,-71.260928,-0.172925585
2393,QC,45.5174265,-73.4781521,-0.699444964
2395,QC,46.7990593,-71.3693359,-0.324043824
2396,QC,45.5217339,-73.5698418,-0.517600928
2404,QC,45.5192886,-73.5637291,0.030026359
2407,QC,46.9101974,-71.3508571,-1.389987618
2415,QC,46.8429845,-71.4318653,0.43513104
2419,QC,45.5520054,-73.655971,-0.952571548
2423,QC,45.555718,-73.570317,2.076843542
2426,QC,48.4376039,-68.535971,-1.208263684
2427,QC,45.516694,-73.5576013,1.890800511
5843,QC,45.516694,-73.5576013,0.679683724
2445,QC,46.8120852,-71.2360159,0.082549159
2468,QC,46.8701411,-71.2549883,0.924319767
2471,QC,46.8410703,-71.2700831,-2.780078818
2472,QC,46.8553182,-71.4179855,0.555260797
2484,QC,46.8435762,-71.2146495,2.097541759
2487,QC,46.8198609,-71.3308406,-1.204225614
5759,QC,46.8198609,-71.3308406,0.527290483
2514,QC,46.8121559,-71.2313633,-0.090551305
2522,QC,48.4351174,-68.5243247,-4.433856424
2530,QC,45.7842388,-73.4130703,-1.703706891
2531,QC,45.4977436,-73.5782733,-2.135655803
2533,QC,45.5392036,-73.6130267,1.3820729
2992,QC,45.5392036,-73.6130267,-2.586939898
4448,QC,45.5391629,-73.6133863,-0.194685041
6336,QC,45.5389756,-73.6131821,-0.006531205
2539,QC,45.5004486,-73.4816765,-0.29784035
2542,QC,45.5026306,-73.5735681,-0.087390559
2547,QC,45.5204736,-73.5562303,0.414244969
2561,QC,45.5154352,-73.5652647,-0.824010932
2570,QC,46.9088558,-71.3505757,-2.45988595
2573,QC,45.5072429,-73.5694464,0.704078632
2575,QC,46.8042364,-71.2309801,-0.582201276
2585,QC,46.7876559,-71.3521433,-1.124617366
2592,QC,45.472923,-73.64585,2.48205801
2593,QC,46.8396988,-71.2775625,2.621097687
2605,QC,46.8754898,-71.1594917,-0.395147389
2607,QC,45.5230981,-73.5516038,-0.930113113
2618,QC,45.3945501,-71.8979286,-0.431420628
2622,QC,46.8182262,-71.332755,0.082036647
2623,QC,45.779616,-73.415374,0.26142056
2638,QC,46.8585642,-71.3384958,-0.587778178
6191,QC,46.8586431,-71.3376161,-2.014978457
2643,QC,45.5298873,-73.5867022,-0.799659275
2661,QC,45.4976435,-73.6537623,-0.987341625
2682,QC,45.4979448,-73.5714431,-0.423094616
2715,QC,46.8883082,-71.2682099,-1.184616578
2721,QC,45.530477,-73.720981,0.062995395
2723,QC,45.50083,-73.5752449,1.637243112
2743,QC,48.4386307,-68.5502473,1.357427058
2759,QC,45.5418565,-73.6077662,-1.916914641
2764,QC,45.557074,-73.5732586,-0.554915418
2767,QC,46.5683247,-72.7612965,-0.181717319
2768,QC,45.4802003,-73.5758915,0.028806197
2775,QC,46.7626088,-71.283982,0.184868999
2801,QC,46.8724615,-71.2545171,-3.845503761
2810,QC,45.5541366,-73.5874174,0.499642225
2836,QC,46.8227639,-71.257353,-4.517972035
2851,QC,45.4722853,-73.611864,-1.335482421
5350,QC,45.47206,-73.6123269,-0.202744626
2853,QC,45.555094,-73.5596263,0.777272229
2854,QC,45.5287617,-73.4736863,1.002300838
2875,QC,45.4974422,-73.5667297,0.094513565
2885,QC,45.50111,-73.5722427,-2.827289612
2887,QC,45.4791144,-73.4486802,-1.253479861
2914,QC,45.5028464,-73.5586862,2.371825158
2916,QC,46.7991553,-71.2591147,1.124718726
2919,QC,45.5713987,-73.5724235,0.01000852
2922,QC,45.4976357,-73.4974959,0.191194552
2938,QC,46.8100302,-71.3192807,1.521764216
2939,QC,45.526943,-73.4825637,0.937877024
2943,QC,45.5641458,-73.5781799,-0.082711475
2947,QC,46.5204343,-72.7449814,-0.991263563
2950,QC,46.8866779,-71.2908222,-0.016470012
2963,QC,45.533,-73.48936,-1.503684404
2967,QC,45.7669799,-73.444911,0.027934878
2972,QC,45.5206831,-73.5538724,1.318910262
2974,QC,46.7970229,-71.2397935,1.024507802
2980,QC,46.8075825,-71.2529572,-0.029279931
2984,QC,45.4564991,-73.6285159,-0.893178563
2985,QC,45.5094103,-73.6303094,-2.468639827
2997,QC,46.853723,-71.1952967,-0.961056657
3002,QC,46.5397508,-72.7463848,0.585170556
3010,QC,46.8435867,-71.2443987,0.637060786
3012,QC,46.80324,-71.2281651,2.59427478
3015,QC,45.4690666,-73.6191179,-2.064728885
3023,QC,45.5422402,-73.5896475,0.17455852
3029,QC,45.5377919,-73.5784143,2.834836351
3031,QC,45.5450209,-73.5945304,1.196093874
3032,QC,45.4778062,-73.5702403,1.276764789
3043,QC,45.476863,-73.606234,0.736751415
3044,QC,46.8175183,-71.2567028,-0.271188739
3047,QC,45.5193014,-73.4725306,-1.726876242
3050,QC,45.4520893,-73.5939745,0.342255452
5516,QC,45.453153,-73.5941785,0.172592744
3058,QC,46.8622006,-71.1884753,0.182452048
3063,QC,45.510405,-73.6310415,0.103298023
3067,QC,46.8953805,-71.3001296,-0.239414966
6344,QC,46.8951041,-71.2999014,-0.58480074
3072,QC,45.4589398,-73.5902528,-0.431443522
3081,QC,45.4659813,-73.6140306,1.462580361
3082,QC,46.8938578,-71.1418384,-0.152549933
3083,QC,45.5392193,-73.4675802,1.134636603
3085,QC,45.5353317,-73.5991448,0.139288431
3101,QC,46.8508318,-71.3093982,-0.085577588
3106,QC,45.551329,-73.573147,-3.538005997
3112,QC,45.4966036,-73.5759468,0.010690096
3413,QC,45.4966415,-73.5757894,0.973896634
3113,QC,46.9030305,-71.1997786,-1.743234265
3115,QC,45.7621226,-73.4588991,-0.507864248
3125,QC,46.88361,-71.281651,-0.94308769
3149,QC,48.2320578,-79.0327101,2.365722186
3155,QC,45.5252312,-73.5949315,0.905072563
3156,QC,45.4960608,-73.5780957,-0.400164464
3158,QC,45.5352262,-73.5687441,1.26119346
3166,QC,45.572011,-73.5711319,-1.788854787
3167,QC,45.5249179,-73.5221767,0.814671433
4278,QC,45.5249179,-73.5221767,-1.145909763
3172,QC,46.5081937,-72.7317476,-0.11658139
3176,QC,46.8422365,-71.3271611,-1.92774422
3177,QC,46.810502,-71.243925,0.751096764
3178,QC,45.529879,-73.45729,0.826318864
3185,QC,45.514609,-73.5620299,0.880997177
5905,QC,45.5149552,-73.562792,0.429411558
3187,QC,45.5423581,-73.4553264,-2.545055012
3196,QC,48.4628263,-68.5168564,0.062837215
3200,QC,45.4977245,-73.6228009,0.928759318
3202,QC,45.5003412,-73.5620714,0.946328012
3204,QC,45.45121,-73.594723,-1.763474775
3205,QC,46.8301456,-71.2383808,-0.036293401
3206,QC,45.453913,-73.5854838,-1.464297381
3215,QC,45.5517044,-73.5641308,1.090150002
3223,QC,45.7337308,-73.4681318,-0.949777328
3237,QC,45.5317409,-73.708365,1.70774349
3249,QC,45.477713,-73.6314699,-0.790790908
3252,QC,46.8387184,-71.2847364,-1.992010575
3260,QC,45.4712203,-73.6347163,0.117172899
3275,QC,45.5303926,-73.5738988,0.546286222
3277,QC,45.5764597,-73.654277,-1.835136815
3281,QC,45.4962474,-73.6225469,4.008569098
3283,QC,45.5406888,-73.5991125,0.092384595
3286,QC,46.7469929,-71.349594,-1.459989769
3293,QC,45.5376778,-73.6116572,-0.467997154
3306,QC,45.5010233,-73.564439,-2.384428896
3321,QC,45.5547538,-73.5746894,-0.695777718
3324,QC,46.8116509,-71.2166595,-2.209661319
3349,QC,46.8140474,-71.2107142,4.171417634
3352,QC,48.4450826,-68.5175338,0.786335714
3364,QC,45.5390299,-73.6549476,-1.395738383
3365,QC,45.476771,-73.4291069,-1.711623779
3371,QC,45.5532778,-73.5801119,1.33219995
3390,QC,46.809706,-71.2610336,-1.71469982
5430,QC,46.809706,-71.2610336,-0.264447055
3399,QC,45.5256336,-73.4970409,-0.458557658
3402,QC,45.536491,-73.602535,-2.151719389
3403,QC,46.8112992,-71.3703135,-1.012320312
3406,QC,45.7487153,-73.4545769,-1.677241341
3427,QC,45.5504993,-73.5904315,0.900412881
3429,QC,46.8501206,-71.3561721,-1.214791662
3430,QC,46.6133744,-72.6969848,0.502714477
3434,QC,48.2411066,-79.1271123,-0.213600894
3437,QC,46.8261206,-71.2272852,0.757763118
3438,QC,45.4905278,-73.5834738,-4.83203577
3440,QC,48.4359648,-68.5731844,-1.546895491
3450,QC,45.5071239,-73.6244431,0.281069793
3453,QC,45.533141,-73.5521869,-7.127443746
3461,QC,45.7765683,-73.4184076,-0.658731724
6780,QC,45.7765683,-73.4184076,0.680492716
3465,QC,46.8121712,-71.2993801,-1.107345633
3467,QC,46.7671645,-71.3755899,0.516038572
3485,QC,45.52491,-73.6046054,-0.586079213
3487,QC,45.537119,-73.670555,-0.967517489
3491,QC,46.7648466,-71.3697144,-0.104805854
3495,QC,45.462736,-73.5881326,0.277874561
3508,QC,45.5501635,-73.5903572,-0.225020353
3519,QC,45.7798286,-73.4052039,0.940540841
3553,QC,46.813458,-71.226642,1.089024168
3558,QC,45.501168,-73.4131659,-0.058702749
3559,QC,45.4818004,-73.5860052,0.04759557
5755,QC,45.4818004,-73.5860052,-0.031433452
6631,QC,45.4818004,-73.5860052,-0.46025257
6632,QC,45.4818004,-73.5860052,-0.336764315
3563,QC,48.5131202,-68.4606992,-0.728190216
3567,QC,45.5012014,-73.5608672,0.289698107
3570,QC,46.8358297,-71.2224652,-0.754346698
3582,QC,45.538608,-73.6004696,-0.759385746
3586,QC,46.83706,-71.244581,-2.2154208
3587,QC,45.4787775,-73.5827733,0.327402845
3594,QC,46.7667135,-71.3301546,-0.632474195
3595,QC,46.8082357,-71.2250003,0.557567611
3605,QC,45.503243,-73.6194117,1.872127634
3608,QC,46.7814325,-71.3473075,-0.309401471
3613,QC,45.494905,-73.4994247,-0.516848538
3617,QC,46.8766252,-71.1668769,0.120117156
3618,QC,45.5569248,-73.5701523,-0.541611058
3619,QC,45.5494837,-73.6669165,0.737602077
3620,QC,45.4879465,-73.568495,0.361982285
3641,QC,45.530442,-73.722268,-3.280012079
3645,QC,45.5724207,-73.4823959,0.438649837
3648,QC,45.548992,-73.578232,2.180730742
3659,QC,45.5658559,-73.586252,-1.14435994
3660,QC,45.5100996,-73.4980915,0.434213519
3661,QC,46.8285773,-71.354394,-1.185153161
3662,QC,46.8719516,-71.1958115,0.070280362
5864,QC,46.8724691,-71.1961383,-0.848509607
3664,QC,46.8741309,-71.2002979,-1.608823866
3673,QC,45.4801044,-73.5873686,0.794781943
3677,QC,46.8497139,-71.2414885,-0.281818003
3684,QC,45.521119,-73.585753,0.673585834
3687,QC,45.534253,-73.6123242,1.5574423
3689,QC,46.7811331,-71.3009993,-0.695328355
3691,QC,45.542738,-73.577831,0.709247342
3699,QC,46.8556509,-71.414864,-0.128188664
3703,QC,46.7768976,-71.3086966,0.362448388
3706,QC,45.4932145,-73.5647918,-0.863854198
3713,QC,46.8092919,-71.2402991,-0.584694873
3716,QC,45.4900488,-73.4320878,-0.708481221
3718,QC,45.502466,-73.5713041,0.853086067
3720,QC,46.804817,-71.2330132,-5.201001767
3724,QC,45.4795202,-73.5769653,0.454810129
3728,QC,45.4542851,-73.5894464,-1.43938178
3729,QC,46.8452007,-71.2166026,0.392667762
5928,QC,46.8452007,-71.2166026,-0.181786089
3735,QC,46.8522891,-71.2387586,-1.363133185
3736,QC,46.8722702,-71.1941188,0.888245833
3740,QC,45.4567435,-73.5819545,-1.229657304
3741,QC,46.7719696,-71.2821224,0.712201094
3753,QC,45.5399496,-73.613104,-0.913646959
3758,QC,45.5318684,-73.5650481,0.036412772
3760,QC,45.492821,-73.5801515,0.718371337
3761,QC,45.5299023,-73.5608224,1.284647873
3768,QC,46.5612778,-72.7410393,-1.003495083
3769,QC,45.5506673,-73.6565341,-0.185678128
3772,QC,46.9369784,-71.3099686,0.662957865
3775,QC,46.8565698,-71.347068,0.233466177
3776,QC,45.450032,-73.598527,0.797709001
3783,QC,46.8551939,-71.3615232,-1.445688657
3784,QC,45.5523274,-73.5758369,-0.727840404
3794,QC,45.5142687,-73.4632093,1.336291456
3804,QC,45.5243066,-73.4840879,1.12753404
3807,QC,45.5268962,-73.5899091,-0.765933877
3845,QC,45.5265667,-73.5899255,0.314280673
3812,QC,46.8450715,-71.2513212,2.040267698
3814,QC,45.5528086,-73.6618543,-1.338691781
3825,QC,45.5429042,-73.5884607,1.343766908
5453,QC,45.5428459,-73.5884701,-0.832019743
3836,QC,48.2365576,-79.0202533,0.099436843
3839,QC,45.5505007,-73.6436638,0.456379328
3848,QC,46.8087497,-71.2256145,1.523542422
3857,QC,46.783583,-71.2884349,0.530327969
3859,QC,45.5350129,-73.6092101,-1.212069151
3876,QC,45.537564,-73.700755,-0.499723403
3878,QC,45.5178272,-73.4797506,-0.935802373
3879,QC,45.7537509,-73.4404939,-0.139711528
3886,QC,46.8344965,-71.2495125,-0.281494719
3906,QC,48.4391822,-68.5545728,1.703710388
3907,QC,45.549955,-73.5739121,-1.838265425
3913,QC,45.5250239,-73.6041185,1.51243273
3917,QC,45.4796918,-73.4679727,0.872334145
3919,QC,46.8235945,-71.3545818,0.066602045
3939,QC,45.534876,-73.4703832,-1.368370463
3946,QC,45.5213391,-73.4583318,-0.610157115
4168,QC,45.521979,-73.4596895,1.386260198
3962,QC,46.8436447,-71.2473091,0.466508346
5760,QC,46.8436447,-71.2473091,0.159444995
3968,QC,45.5393501,-73.4724158,-2.78602873
3969,QC,46.5648117,-72.7457411,-0.374411232
3991,QC,45.5693077,-73.5831872,-1.954935278
3992,QC,45.496774,-73.574496,0.900649531
3993,QC,45.7316726,-73.4606625,-1.426067037
4011,QC,45.4965955,-73.4131913,0.527788534
4013,QC,45.5366582,-73.5983696,0.87660267
4024,QC,45.5082028,-73.5680378,-0.724268428
4026,QC,45.5315158,-73.6128945,1.95407918
4033,QC,45.5017649,-73.576979,-0.202071503
4036,QC,45.534699,-73.569848,-0.207678729
4039,QC,48.455566,-68.495782,3.2547525
4041,QC,45.5272924,-73.5863428,-0.125620528
4049,QC,45.4897153,-73.5816408,0.464629258
4053,QC,45.4930025,-73.4854656,-0.366529314
4064,QC,46.7869749,-71.3490883,-0.366964022
4065,QC,45.5309797,-73.6076002,-0.046209653
4073,QC,45.5203464,-73.6154628,1.275520817
4074,QC,45.4971662,-73.6233777,-0.196327395
4075,QC,45.5331963,-73.6144339,0.952765876
4078,QC,45.5515612,-73.5795729,0.05701857
4079,QC,45.485633,-73.627811,1.103800333
4838,QC,45.4855137,-73.627969,2.477110935
4082,QC,45.5374317,-73.6146725,-0.529173135
4097,QC,45.3959028,-71.8949206,1.258304071
4107,QC,45.5440433,-73.5778725,1.558432616
4119,QC,46.7889623,-71.2693031,-0.024451302
4120,QC,45.7542711,-73.4694009,0.069985757
4124,QC,45.5195213,-73.5861548,-0.294273425
4153,QC,45.4969124,-73.4768992,4.54406449
4155,QC,45.5107939,-73.5628029,0.445721436
4174,QC,45.5317259,-73.6068226,0.134594212
4175,QC,46.8143924,-71.22119,-0.906646676
4177,QC,45.4988949,-73.6486865,1.254030438
4194,QC,46.5422731,-72.7464423,-1.200652521
4197,QC,45.5542131,-73.5598682,-0.480668697
4201,QC,45.5333422,-73.5020229,2.171207376
4206,QC,46.55516,-72.74876,-1.962027566
4212,QC,45.528629,-73.5154914,-0.710141769
5566,QC,45.528629,-73.5154914,0.854773082
4217,QC,46.8069329,-71.2354307,-1.37938942
4219,QC,46.8219665,-71.2287233,0.72774894
4220,QC,45.5410897,-73.5595115,-0.019149489
4222,QC,45.481876,-73.388508,-1.540741675
4224,QC,45.5357608,-73.5074212,-0.278306678
4228,QC,45.5331308,-73.4955966,-0.850519157
4229,QC,45.503026,-73.555221,-0.360391733
4234,QC,48.235513,-79.0150703,0.895654245
4237,QC,48.2253883,-79.0071946,0.059040885
4240,QC,45.5168907,-73.5733133,-0.485659323
4241,QC,45.5156631,-73.4903026,0.681898206
6840,QC,45.5156631,-73.4903026,0.028120909
4243,QC,45.4866434,-73.5759339,-1.596511711
4244,QC,45.5311878,-73.5505669,-0.310783639
4247,QC,45.4960199,-73.5765625,1.359115822
4249,QC,45.477589,-73.6151732,0.27587882
4250,QC,45.5663616,-73.6599632,1.536309236
4251,QC,45.560926,-73.6506149,-3.583187417
4256,QC,45.4898119,-73.5863386,0.085827119
4263,QC,46.784278,-71.2477247,0.020549828
4276,QC,46.8581844,-71.4104092,-0.084626681
6690,QC,46.8581844,-71.4104092,2.031652105
4281,QC,45.5291776,-73.5124745,1.002601248
4290,QC,45.5178516,-73.5573644,2.087319728
4318,QC,45.5133421,-73.5693386,-1.599169565
4319,QC,45.4902123,-73.4669075,0.411736781
4332,QC,46.7944508,-71.2568677,-0.801356508
4349,QC,45.5368341,-73.4858769,0.494398088
4354,QC,45.7562191,-73.4637029,-0.03119607
4355,QC,45.7563598,-73.4464871,-3.094050188
4360,QC,45.5177392,-73.5585045,-0.449774064
4362,QC,45.481313,-73.5774552,-1.519313897
4363,QC,45.4530656,-73.5844985,0.660897373
4364,QC,45.5012294,-73.6323668,-0.611724509
4369,QC,45.5379559,-73.698875,-0.398875738
4383,QC,45.477033,-73.5864429,0.699851171
4394,QC,45.468262,-73.637689,0.215906607
4396,QC,45.4900493,-73.6424751,0.832447091
4399,QC,45.4847246,-73.6330202,-0.359903346
4403,QC,46.7785919,-71.369704,-0.076262664
4406,QC,45.7637832,-73.4314755,-0.419070416
4408,QC,45.4796471,-73.6240935,1.010426089
4415,QC,46.8332331,-71.2775556,3.111070058
4419,QC,46.8695021,-71.2574126,-0.8330311
4424,QC,45.5077459,-73.5695266,0.819366988
4429,QC,45.554871,-73.668923,0.332084199
4431,QC,45.5055465,-73.5558254,-1.138946724
5649,QC,45.5049016,-73.5562123,-0.160453303
4435,QC,45.494169,-73.558793,-0.447002426
4439,QC,45.4980453,-73.480955,-0.800767083
4449,QC,45.5688928,-73.6454221,-1.52819914
4454,QC,46.7604763,-71.3201392,-3.556657689
4457,QC,45.5045579,-73.5717904,0.011068227
4468,QC,45.480883,-73.5781271,-0.770567685
4481,QC,45.5256855,-73.4719994,-0.16020826
4483,QC,45.7447533,-73.4548424,0.411431194
4486,QC,46.8771472,-71.1579152,-1.543213617
4487,QC,45.5097803,-73.564066,-1.519237022
4498,QC,45.5257921,-73.581627,1.232335589
4501,QC,45.5344458,-73.578434,0.662846602
4502,QC,46.8048238,-71.2271265,0.808415428
4508,QC,46.856667,-71.3393276,0.344065096
4515,QC,45.4549775,-73.6325126,0.493853143
4520,QC,45.4951698,-73.6555993,-1.087634538
4532,QC,45.4869285,-73.5788829,-0.025899419
4533,QC,45.508578,-73.4948907,-0.678366331
4534,QC,45.5200805,-73.5763887,0.264228703
4539,QC,45.5050038,-73.5731693,-1.79178614
5305,QC,45.505033,-73.57309,-0.42065435
4541,QC,46.8568283,-71.3552087,-0.183277432
4546,QC,45.4700289,-73.616354,2.021900491
4560,QC,45.5003917,-73.6615765,7.33782789
4569,QC,45.514143,-73.572699,0.258712986
4570,QC,45.5600571,-73.5737591,-1.000166742
4576,QC,45.4840155,-73.5802715,0.30617768
4582,QC,45.5468147,-73.6388975,0.462875193
6241,QC,45.5468147,-73.6388975,1.767618559
4583,QC,45.4932387,-73.5642154,-0.301254821
4587,QC,45.496565,-73.6540058,0.525629105
4598,QC,45.5129284,-73.4993489,-1.775163439
4610,QC,45.4021901,-71.9571767,0.112146233
4612,QC,45.5239876,-73.5760208,-0.677021682
4613,QC,45.4977411,-73.5846942,-0.039611595
4620,QC,45.5023311,-73.6378368,-1.047320175
4622,QC,45.4943555,-73.6079561,0.719232113
4628,QC,45.5360459,-73.5608092,-0.101619572
4630,QC,45.5238623,-73.5534582,0.04166976
4634,QC,46.8394672,-71.2244733,-4.971235813
4655,QC,45.4815748,-73.386087,-1.158740321
4664,QC,45.5395375,-73.6537514,1.408116296
4669,QC,45.4946306,-73.5584113,-1.71445579
4673,QC,46.8258626,-71.2434004,-0.58515796
4676,QC,45.4766476,-73.614551,-0.737751241
4677,QC,45.4795946,-73.6197772,0.375472572
4681,QC,45.5338741,-73.559921,2.384248064
4694,QC,45.471171,-73.6477572,-2.977622562
4696,QC,46.8615173,-71.3561457,1.754045577
4697,QC,45.5400785,-73.6432698,0.892836196
4703,QC,45.5170108,-73.5672138,-0.03817889
4705,QC,45.4767494,-73.6219731,0.641848001
4712,QC,45.52669,-73.573784,-0.051028325
4714,QC,45.5112246,-73.57664,3.891914895
4718,QC,45.5197683,-73.4576209,1.815678969
4721,QC,45.5218613,-73.5891696,1.851009569
4723,QC,45.4937632,-73.4783341,0.793709095
4727,QC,45.747416,-73.460935,-0.850633754
4728,QC,45.5556408,-73.5676001,-0.565560507
4730,QC,45.5245327,-73.5816487,0.149204394
4741,QC,45.519234,-73.555727,-1.825078208
4745,QC,45.5516707,-73.48376,-0.31585335
4753,QC,45.497184,-73.580278,-1.976260937
4778,QC,46.8151085,-71.208333,-1.07335776
4781,QC,45.532654,-73.6066,0.770591053
4796,QC,45.5235987,-73.6057472,-0.203415179
4798,QC,45.4949411,-73.6198663,-0.771283479
4803,QC,46.902625,-71.3085727,-0.347269849
4814,QC,45.5632434,-73.5788755,-0.269101288
4815,QC,45.5283389,-73.559961,0.320597678
4819,QC,45.494852,-73.58046,5.109968482
4820,QC,46.7450003,-71.455239,-1.25404271
4821,QC,46.8153193,-71.2256819,-0.306924952
4823,QC,45.550392,-73.651,0.418820982
4825,QC,48.4631258,-68.5174693,-0.281114963
4841,QC,45.541035,-73.489,-0.476346557
4848,QC,46.6153338,-72.7362644,1.866027425
4855,QC,45.4642373,-73.6289259,1.53317151
4859,QC,45.5495882,-73.6709877,-1.378114928
4860,QC,45.518864,-73.592045,0.051530512
4862,QC,45.550095,-73.5833652,1.880478349
4866,QC,46.88483,-71.159253,1.584354169
4872,QC,45.5566943,-73.6683339,-0.159101657
4882,QC,45.5283322,-73.7007541,0.18047095
4889,QC,46.8606254,-71.217647,0.867649074
5370,QC,46.860098,-71.216765,6.255316558
4891,QC,45.509869,-73.5709169,0.236921582
4896,QC,45.5366659,-73.5711908,0.597869586
4897,QC,45.5307797,-73.5544985,-1.378547068
4899,QC,46.8873559,-71.1704756,-0.672273634
4904,QC,46.8031741,-71.3417518,-0.34997454
4906,QC,45.4958024,-73.5726266,-1.223280726
4910,QC,46.8437945,-71.2304185,-0.763288466
4922,QC,45.5459202,-73.5986491,1.708943852
4936,QC,45.4961325,-73.5550284,-0.4183523
4937,QC,45.5456061,-73.6609783,-0.411025237
4940,QC,45.5176623,-73.6176682,-0.778225798
4941,QC,46.8733979,-71.2746465,0.21733883
4948,QC,45.4895056,-73.6430795,0.20622497
4954,QC,45.5339008,-73.4666512,2.735505329
4956,QC,45.5408428,-73.5913995,2.37897703
4957,QC,46.6099552,-72.6994932,-2.89983788
4961,QC,45.532303,-73.559666,-0.790115394
4975,QC,45.534635,-73.5614329,-0.861635562
4989,QC,46.826036,-71.229244,0.869537544
4992,QC,45.5277457,-73.4903771,1.341069562
4993,QC,45.5326372,-73.4712168,-0.110195167
4998,QC,45.496038,-73.5810623,1.014591216
6468,QC,45.4955445,-73.5817343,-0.7043634
6499,QC,45.4960371,-73.5807182,0.441632311
4999,QC,45.519122,-73.58756,0.174566109
5001,QC,45.5039643,-73.5722865,-0.748461735
5004,QC,46.8633591,-71.4297336,-0.785123453
5018,QC,45.4686961,-73.6095465,-1.185227585
5023,QC,45.5115088,-73.574354,1.006886224
5033,QC,46.7955387,-71.2519148,1.159448322
5044,QC,48.11261,-79.15131,0.585357949
5045,QC,48.2249682,-79.000641,-0.37488183
5048,QC,46.8529127,-71.2030412,1.226910665
5051,QC,48.2467264,-79.0197512,-1.452460577
5055,QC,45.494978,-73.6529853,0.101973765
5060,QC,45.525807,-73.551683,-0.801447509
5063,QC,45.5475038,-73.5791606,1.056738267
5064,QC,45.5269939,-73.5863558,-0.979304636
5069,QC,46.76546,-71.3089437,1.239146721
5070,QC,46.7619667,-71.3338852,1.900597164
5073,QC,45.5082209,-73.5597732,-0.064531978
5084,QC,45.5264994,-73.4751156,-0.031257434
5089,QC,45.548671,-73.646246,-0.91391146
5091,QC,45.5224035,-73.5515459,-0.654988117
5099,QC,45.4970075,-73.5530998,0.017384218
5107,QC,45.487836,-73.3825644,-0.745806136
5108,QC,45.502275,-73.4269,0.652093155
5109,QC,45.5124685,-73.5700959,0.554452532
5117,QC,45.4740183,-73.6086612,-0.125603303
5118,QC,45.53753,-73.556945,-0.399979779
5124,QC,45.4865467,-73.636881,1.208528596
5125,QC,45.5657469,-73.6469577,-1.534500857
5130,QC,45.5124261,-73.561852,-0.828908194
5139,QC,45.479726,-73.571201,-0.040171538
6361,QC,45.479726,-73.571201,-0.829632566
5142,QC,46.8088089,-71.3832074,1.028657348
5149,QC,45.5335368,-73.6562319,-10.95712399
5161,QC,45.4801387,-73.5668124,-1.580481124
5163,QC,46.6129295,-72.7120308,-0.104430511
5164,QC,45.5301523,-73.5986257,-3.977922856
5169,QC,45.517559,-73.4971712,-0.241251424
5175,QC,45.546162,-73.586159,1.170605275
5176,QC,45.5242056,-73.473245,0.90013109
5182,QC,45.4721493,-73.5877959,-0.603132547
5190,QC,45.5433584,-73.5975573,-0.655408706
5856,QC,45.5433584,-73.5975573,-0.628026591
6253,QC,45.5432432,-73.5971404,0.305543635
5192,QC,45.496648,-73.5822882,-0.625490861
5198,QC,46.9024373,-71.3671974,1.14135734
5202,QC,45.742263,-73.4586568,-0.161327824
5206,QC,46.8574204,-71.2650052,-0.956723775
5224,QC,45.5056339,-73.5534447,-1.392192956
5227,QC,45.4719326,-73.4384445,7.238470886
5228,QC,45.7304693,-73.4552527,0.719147153
6203,QC,45.7304989,-73.4553312,1.245965708
5235,QC,45.5167993,-73.5782679,-0.488499024
5236,QC,45.5343248,-73.617998,0.364020082
5242,QC,45.557938,-73.6594218,-0.245073064
5249,QC,46.8113555,-71.23257,0.486649588
5266,QC,45.5373305,-73.5708294,-0.282383768
5272,QC,45.4953807,-73.619594,-3.24279724
5274,QC,45.5056449,-73.5676757,-4.0442198
5275,QC,45.4970434,-73.5763023,0.059752281
5280,QC,45.4873667,-73.4719331,2.752614138
5283,QC,45.51847,-73.5558891,-0.410900043
5284,QC,45.5335848,-73.491204,1.329924013
5286,QC,45.5277982,-73.5797482,0.71627033
5287,QC,45.7394641,-73.445697,-1.295999354
5294,QC,45.498195,-73.577169,-0.210078038
5299,QC,45.5181613,-73.5883586,0.673619926
5306,QC,46.7562413,-71.2985748,1.947770992
5312,QC,45.494978,-73.613256,0.475309962
5316,QC,45.5252912,-73.5936214,-0.433372318
5320,QC,45.535784,-73.5550839,-0.436741353
5331,QC,45.5073536,-73.5734805,1.322707995
6434,QC,45.5074764,-73.5736226,-0.695906598
5332,QC,45.7418553,-73.454887,0.773962322
5351,QC,45.493402,-73.5799609,2.456438137
5352,QC,48.4584629,-68.4972474,0.144950277
5359,QC,46.7692742,-71.3217104,-1.186075385
6360,QC,46.7692001,-71.3215709,-0.448088976
5360,QC,46.7735067,-71.3160467,-0.768461692
5361,QC,45.7316539,-73.4532438,1.366989293
5362,QC,45.480728,-73.5791859,1.644209292
5367,QC,46.8632573,-71.2681296,-0.337276113
5368,QC,46.751738,-71.3799112,1.280021208
5383,QC,46.5187553,-72.742998,-1.149234047
5392,QC,45.5589552,-73.5724404,-1.320320807
5395,QC,45.4949629,-73.476886,-0.586427655
5408,QC,45.408564,-71.87316,0.44606335
5412,QC,45.5382561,-73.655599,1.234432193
5434,QC,45.7479626,-73.4550585,-1.94480506
5435,QC,46.8046781,-71.2267871,0.640423444
5493,QC,45.5510785,-73.6430891,-0.087406178
5499,QC,45.4848375,-73.6287153,-0.168907094
5503,QC,46.8290579,-71.2297821,0.759502636
5507,QC,45.570974,-73.5673489,1.438769707
5528,QC,45.5082563,-73.5744976,0.87465801
5529,QC,45.5502591,-73.595652,1.505155496
5530,QC,45.4985403,-73.6268077,0.939225707
5534,QC,46.8262834,-71.2298903,-0.150458392
5543,QC,45.4665521,-73.6398555,-9.361659667
5545,QC,45.552158,-73.593951,0.04703136
5548,QC,45.5009341,-73.5737683,0.276378813
5567,QC,45.5009341,-73.5737683,-0.440941503
5562,QC,45.5400175,-73.4799366,-0.458051021
5579,QC,45.4848793,-73.6278966,-0.738548251
6416,QC,45.484796,-73.627761,0.800418988
5581,QC,45.5400736,-73.6115317,-0.84690897
5585,QC,46.7931408,-71.2575432,-1.611076744
5586,QC,46.8100728,-71.2195632,0.715664016
5587,QC,45.7540995,-73.4699529,-0.393059449
5891,QC,45.7538917,-73.4702726,1.164824304
5588,QC,45.4973237,-73.6251458,-0.428143983
5591,QC,45.546881,-73.660262,-0.97502866
5597,QC,45.5236762,-73.5520413,0.723489404
5605,QC,46.8164585,-71.2178434,-0.982137544
5608,QC,45.5219939,-73.5594309,-0.337781897
5609,QC,45.554595,-73.5869686,0.164044595
5612,QC,45.4593881,-73.5964908,-2.077696198
5613,QC,45.5224701,-73.556716,0.099774909
5616,QC,46.6264757,-72.6506355,-0.171404422
5628,QC,45.453877,-73.5957931,-1.869697248
5630,QC,45.482394,-73.6272538,-0.95757602
5641,QC,46.7867359,-71.2822859,-0.830429624
6374,QC,46.78651,-71.282286,-2.148976463
5645,QC,46.8512767,-71.2501291,0.149897815
5650,QC,45.532438,-73.656181,-0.267808758
5653,QC,48.2380375,-79.0228996,1.42057996
6084,QC,48.238058,-79.022822,-0.643965649
5655,QC,45.4825387,-73.5828256,0.625631082
5656,QC,46.8482421,-71.2545604,-0.621306222
5663,QC,45.5067549,-73.5608322,-0.651729511
5685,QC,45.521041,-73.5753497,0.09191067
5711,QC,45.5454844,-73.5767013,-0.018346439
5718,QC,45.5575906,-73.5692885,0.49178244
5720,QC,46.8673654,-71.3794959,0.11506924
5722,QC,46.9119927,-71.3341556,0.221457579
5724,QC,45.514911,-73.574206,-3.859017251
5729,QC,45.4680943,-73.3775975,-0.889273966
5738,QC,45.511586,-73.5665235,0.416616569
6303,QC,45.511586,-73.5665235,-1.084528696
5743,QC,46.856242,-71.353839,0.062077676
5745,QC,45.5241071,-73.5514721,-1.827915821
5749,QC,45.467655,-73.620779,-0.806901216
5752,QC,46.76525,-71.48729,-0.298703004
5766,QC,46.9511229,-71.2075793,0.108185383
5771,QC,45.4704075,-73.6069733,0.687192486
5777,QC,46.8231631,-71.2608346,-0.351499625
5789,QC,45.5053299,-73.6375737,-0.813148386
5793,QC,45.4044896,-71.9512674,2.710680915
5795,QC,45.540308,-73.612697,1.675575092
5799,QC,45.538722,-73.6085707,-3.680344173
5813,QC,46.8657542,-71.2152415,0.576073083
5821,QC,45.5380399,-73.6794271,-1.419996414
5826,QC,45.5359738,-73.6132308,2.863391225
6867,QC,45.535982,-73.613252,-3.274725164
5834,QC,45.5473573,-73.660003,2.182737592
6523,QC,45.5471946,-73.6600383,-0.175339062
5847,QC,46.8632572,-71.2695032,1.113734385
5863,QC,48.2379672,-79.0183101,-0.038538416
5876,QC,48.241506,-79.0197067,-1.734480998
5902,QC,45.5154652,-73.5763138,-0.70510175
5904,QC,46.7706734,-71.2849442,0.635113198
5910,QC,45.4899305,-73.4730747,1.155567232
5911,QC,45.5139461,-73.5732412,-5.393244572
5914,QC,45.5375845,-73.6148784,1.876626055
5923,QC,45.568646,-73.652882,-0.38158336
5937,QC,46.556369,-72.750473,1.287140797
5947,QC,45.5296198,-73.5779139,0.292433143
5977,QC,46.6152281,-72.689101,-2.420781133
5985,QC,45.535304,-73.5720888,0.731936822
6001,QC,45.5207733,-73.5634553,-0.416940912
6005,QC,45.5789613,-73.6531902,0.133752697
6025,QC,45.5652066,-73.6480989,-0.956081133
6042,QC,45.4741039,-73.5946102,1.250722551
6045,QC,45.516274,-73.5773983,0.506565433
6055,QC,45.5585331,-73.5689605,-0.193127693
6056,QC,45.5083798,-73.5709313,3.106275579
6066,QC,45.4805,-73.5554,-0.411353601
6070,QC,45.467577,-73.622165,-0.861584662
6074,QC,45.5657722,-73.4796734,0.988135832
6076,QC,45.5463631,-73.6032498,-0.267900923
6080,QC,45.473974,-73.609722,-1.712436951
6085,QC,45.4592487,-73.5987396,1.98721395
6086,QC,45.522829,-73.612548,-2.180384188
6095,QC,46.504804,-72.7279529,0.1834031
6098,QC,45.465649,-73.6246,-2.619531812
6143,QC,45.5269459,-73.5771508,-0.155339746
6145,QC,46.8576972,-71.4123919,-3.597197851
6155,QC,48.236205,-79.0153672,-0.201059012
6157,QC,45.481625,-73.579719,3.354037702
6165,QC,45.5454413,-73.572391,-1.569271497
6170,QC,45.517083,-73.5895625,0.933711176
6171,QC,45.5186,-73.5545,-1.407229432
6175,QC,45.528749,-73.584163,-0.093025787
6176,QC,45.5025099,-73.6354992,-0.508753686
6178,QC,45.7179438,-73.4717778,-1.574560059
6188,QC,48.4482242,-68.5350138,0.163329259
6195,QC,45.5335244,-73.5741927,1.293511597
6216,QC,45.5303266,-73.4833564,-0.932404934
6218,QC,45.5369782,-73.6514594,1.693163806
6219,QC,45.5182228,-73.570726,1.463053396
6575,QC,45.5180292,-73.570282,-0.686556556
6220,QC,45.4939814,-73.4814693,-1.371636444
6222,QC,46.8881853,-71.2685351,0.820705358
6225,QC,45.477993,-73.583575,0.171583369
6226,QC,46.930354,-71.3445239,0.454653739
6227,QC,45.476821,-73.567489,-4.720478531
6230,QC,45.4596255,-73.5962519,1.364000851
6237,QC,45.469807,-73.591599,0.335682874
6249,QC,45.7560065,-73.4659798,-0.706591002
6250,QC,45.5584948,-73.6665781,-1.362100802
6255,QC,45.5133089,-73.484431,-1.476427642
6266,QC,46.806132,-71.2444919,-0.752946787
6269,QC,46.8546959,-71.1902255,-0.048781536
6274,QC,46.8223804,-71.3359665,-0.121207953
6282,QC,46.7735879,-71.2790953,0.999959377
6285,QC,45.5221025,-73.4633968,0.460744825
6288,QC,45.5065447,-73.4473679,0.279660647
6289,QC,45.4918815,-73.6316131,-1.228917485
6316,QC,45.5435272,-73.5762937,0.017864035
6319,QC,45.5294081,-73.577518,2.043496305
6330,QC,45.5668008,-73.6547385,2.090818165
6338,QC,46.7931814,-71.2346333,1.120516937
6346,QC,46.89884,-71.307011,0.851970738
6347,QC,46.810331,-71.21963,-0.98019103
6349,QC,45.5392528,-73.5591824,-1.959271562
6352,QC,45.5706187,-73.5722229,0.544834311
6353,QC,45.5522214,-73.5980665,-0.752009103
6364,QC,46.812938,-71.2279113,-0.664472503
6405,QC,46.812938,-71.2279113,0.254393586
6372,QC,45.5171479,-73.5683661,2.146138649
6384,QC,45.4857611,-73.6268648,-0.799059188
6389,QC,46.8155711,-71.262048,-0.615566145
6393,QC,45.5196115,-73.5834574,-0.925084646
6397,QC,45.5023822,-73.5703859,-1.277379643
6652,QC,45.5018406,-73.5701894,0.330141644
6432,QC,45.505661,-73.5673556,-0.552133686
6436,QC,45.5293629,-73.5604293,-0.987759559
6439,QC,45.5397351,-73.5092348,-0.524667383
6441,QC,45.5448164,-73.5624263,1.188301446
6459,QC,45.456184,-73.600368,0.313466509
6462,QC,45.4927815,-73.5828752,-3.640688876
6467,QC,45.457285,-73.5930779,1.612723138
6476,QC,45.5116604,-73.5667932,1.708294434
6477,QC,45.54374,-73.6060944,-0.595577702
6479,QC,46.8079537,-71.3691058,1.028860297
6484,QC,45.4542961,-73.6347578,0.298683347
6490,QC,45.4758971,-73.6227887,-1.700787753
6492,QC,46.809899,-71.228047,-0.227035704
6500,QC,46.827163,-71.23076,0.682540302
6512,QC,46.8088338,-71.3498512,0.042177222
6519,QC,46.8752345,-71.2515599,-0.75940145
6552,QC,46.777074,-71.3585253,-0.674740284
6555,QC,46.813363,-71.226961,0.039696739
6562,QC,46.8765528,-71.2825638,-1.208899007
6567,QC,46.814886,-71.2517318,-0.778571837
6569,QC,46.55307,-72.742833,1.143527826
6580,QC,45.7299748,-73.480808,0.386697708
6612,QC,45.5355194,-73.453637,-1.292057984
6614,QC,45.5068913,-73.5525719,0.81879326
6633,QC,45.5481052,-73.6455149,-1.185034093
6634,QC,46.877209,-71.1561386,3.707669407
6635,QC,45.4934177,-73.6351324,0.617539852
6638,QC,46.847714,-71.2432097,-0.182870396
6640,QC,45.5299652,-73.5906733,-0.116044126
6648,QC,45.7586407,-73.4614119,1.674516066
6663,QC,46.916613,-71.3191609,-0.439778723
6667,QC,46.8779,-71.3408,-1.692665878
6669,QC,46.8101841,-71.3201933,0.419170829
6675,QC,45.5310152,-73.7222768,-0.316731336
6693,QC,45.5067196,-73.572599,0.322379127
6694,QC,46.8758438,-71.3274917,1.498408923
6695,QC,46.7699665,-71.3182787,-0.879767263
6697,QC,46.7570205,-71.3753746,0.959615267
6720,QC,46.8030531,-71.3319321,-1.196987117
6726,QC,45.5210908,-73.585367,0.659976446
6735,QC,46.8105929,-71.2795098,-0.050408954
6749,QC,45.5177773,-73.5737989,0.029651431
6755,QC,45.5281589,-73.4780073,-0.038055076
6758,QC,45.5003312,-73.6283423,0.744777766
6764,QC,45.4816755,-73.5784823,1.775914336
6770,QC,45.742941,-73.468735,-1.533584088
6784,QC,45.5043444,-73.5630762,4.08083204
6791,QC,45.5190143,-73.5868465,-0.614052388
6792,QC,45.4583407,-73.588099,-2.019233278
6794,QC,48.2392679,-79.1269847,-0.02981577
6798,QC,46.8711612,-71.1967984,0.136878084
6802,QC,46.8086144,-71.367333,1.978083176
6804,QC,46.7582437,-71.3506123,-2.249201093
6811,QC,46.839818,-71.395688,0.221190504
6812,QC,46.8593017,-71.4242508,0.731110479
6816,QC,46.8868921,-71.5169218,0.467009859
6817,QC,46.8881818,-71.165113,0.687613852
6821,QC,46.7603807,-71.3637401,4.703588423
6826,QC,46.8177823,-71.2532137,1.011328532
6830,QC,45.7574496,-73.4799655,-1.599532037
6849,QC,46.8166991,-71.2025507,0.173749287
6855,QC,45.4955477,-73.4739456,0.198582333
